Title,Platform,sources,scores
Rift, PC,,
The Forest, PC,,
B-17 Flying Fortress: The Mighty 8th, PC,,
Blood, PC,,
Gemini Rue, PC,,
Resident Evil 4, PlayStation 4,,
3D Fantasy Zone II W, 3DS,,
Ghost Master, PC,,
Dragonshard, PC,,
The Longing, Switch,,
Xenoblade Chronicles 2: Torna ~ The Golden Country, Switch,,
Else Heart.Break(), PC,,
Prototype, PC,,
The Last Door, PC,,
Root Double: Before Crime * After Days - Xtend Edition, Switch,,
Tabula Rasa, PC,,
Pacific Fighters, PC,,
Resident Evil 4, PC,,
Resonance, PC,,
Blade of Darkness, PC,,
Broken Sword 5 - The Serpent's Curse, Switch,,
Earth 2150: The Moon Project, PC,,
Alone With You, PC,,
Take Command: 2nd Manassas, PC,,
void tRrLM(); //Void Terrarium, Switch,,
WRC 10 FIA World Rally Championship, PC,,
Yatagarasu: Attack on Cataclysm, PC,,
Commanders: Attack of the Genos, Xbox 360,,
Just Dance 2014, Wii U,,
Riddle of the Sphinx 2: The Omega Stone, PC,,
Sherlock Holmes: The Awakened, PC,,
8-Bit Adventure Anthology: Volume One, PlayStation 4,,
El Shaddai ASCENSION OF THE METATRON, PC,,
Dracula: Origin, PC,,
No Man's Land, PC,,
Silent Hill 2, PC,,
Tropico 6, Switch,,
Voodoo Vince Remastered, Xbox One,,
G-Force, PlayStation 3,,
Mega Man Battle Network 5: Double Team, DS,,
O.R.B., PC,,
Squad Assault: West Front, PC,,
The Experiment, PC,,
Warlocks vs Shadows, PC,,
Another Sight, PC,,
Agatha Christie: The ABC Murders, PC,,
Pirates of the Caribbean: At World's End, DS,,
Sunset, PC,,
Aerial_Knight's Never Yield, Switch,,
Forge, PC,,
James Bond 007: Blood Stone, PlayStation 3,,
Memento Mori 2, PC,,
Over the Hedge, PC,,
Prisoner of War, PC,,
Monsters vs. Aliens, PC,,
Pinball Hall of Fame: The Gottlieb Collection, PlayStation 2,,
Contrast, PC,,
Mable & The Wood, PC,,
Tannenberg, PlayStation 4,,
How to Train Your Dragon, DS,,
Bolt, PlayStation 3,,
Empire of the Ants, PC,,
Ignite, PC,,
TRON: Evolution - Battle Grids, Wii,,
Bee Movie Game, DS,,
Maelstrom (2007), PC,,
Over the Hedge: Hammy Goes Nuts, PSP,,
Wizards of Waverly Place, DS,,
100ft Robot Golf, Xbox 360,,
3D Classics: Xevious, Xbox 360,,
Ace Combat Advance, DS,,
Achtung! Cthulhu Tactics, Wii,,
Active Life: Extreme Challenge, PC,,
Alexander, Game Boy Advance,,
APB: Reloaded, Xbox,,
Army Men: Sarge's War, Xbox 360,,
Ary and the Secret of Seasons, PlayStation 2,,
Azur Lane: Crosswave, GameCube,,
Barnyard, DS,,
Besieger, PlayStation 2,,
Bet on Soldier: Blood Sport, Xbox One,,
Blair Witch Volume II: The Legend of Coffin Rock, Xbox,,
Bush Hockey League, PSP,,
Carnival Games, PlayStation 2,,
Carnivores: Cityscape, Xbox,,
Coded Arms: Contagion, Xbox,,
Colosseum: Road to Freedom, PSP,,
Combat Elite: WWII Paratroopers, PlayStation Vita,,
Contract J.A.C.K., Wii,,
Cooking Mama: Sweet Shop, Switch,,
Cool Boarders 2001, Wii,,
Critter Round-Up, Xbox One,,
Crucible, Switch,,
Da New Guys: Day of the Jackass, GameCube,,
Dance Factory, PlayStation 4,,
Dangerous Golf, Xbox 360,,
Dead Rising 3: Fallen Angel, PlayStation Vita,,
Deadliest Warrior: Legends, PlayStation 2,,
Deadliest Warrior: The Game, PlayStation 2,,
Deadly Dozen, PlayStation 2,,
Deadly Premonition 2: A Blessing in Disguise, Xbox,,
Disney Sports: Motocross, Xbox 360,,
Don't Knock Twice, Wii,,
Dragon Age: Origins - Witch Hunt, DS,,
Dragon Ball: Raging Blast, PlayStation 4,,
Dragoneer's Aria, Xbox,,
Drawn to Death, PC,,
Dungeon Explorer: Warriors of Ancient Arts, PlayStation 4,,
Dynasty Warriors Advance, GameCube,,
Dynasty Warriors DS: Fighter's Battle, Wii,,
EA Replay, PC,,
Eco Shooter: Plant 530, Xbox 360,,
Edna & Harvey: The Breakout, PlayStation 3,,
Empyre: Lords of the Sea Gates, Switch,,
Fair Strike, Switch,,
Far Cry 4: Escape from Durgesh Prison, Xbox One,,
FIFA Street 3, PC,,
Fullmetal Alchemist and the Broken Angel, Game Boy Advance,,
G.I. Joe: Operation Blackout, 3DS,,
Gal*Gun 2, PlayStation 3,,
Garfield and His Nine Lives, PlayStation 2,,
Gotcha Force, PC,,
Gyruss, DS,,
Hardware: Rivals, PC,,
Harry Potter and the Sorcerer's Stone, DS,,
High School Musical: Sing It!, PC,,
Hot Dog King A Fast Food Empire, GameCube,,
Infinity Runner, Xbox Series X,,
Inversion, 3DS,,
Jambo! Safari: Animal Rescue, Game Boy Advance,,
Jewel Master: Egypt, PC,,
Judge Dredd: Dredd VS Death, Game Boy Advance,,
King's Bounty II, Xbox 360,,
Korea: Forgotten Conflict, Xbox One,,
Kung-Fu High Impact, Wii,,
Law & Order: Criminal Intent, DS,,
Leisure Suit Larry: Reloaded, PlayStation 5,,
Lethal VR, PlayStation 3,,
LOL: Never Party Alone!, PlayStation 4,,
Mafia II: Definitive Edition, Xbox 360,,
Manchester United Soccer 2005, PlayStation 5,,
Master of the Monster Lair, PC,,
Maximum Chase, DS,,
Medal of Honor: Vanguard, PC,,
Miami Law, Wii,,
MLB SlugFest 2006, Xbox One,,
Monster Jam Steel Titans 2, Xbox 360,,
MUD - FIM Motocross World Championship, Game Boy Advance,,
MySims Party, GameCube,,
Naruto Shippuden: Shinobi Rumble, PlayStation 4,,
Next Life, PlayStation 4,,
Perception, Game Boy Advance,,
Peter Jackson's King Kong: The Official Game of the Movie, Wii,,
Pirates of Black Cove, DS,,
Pokemon Rumble Blast, PlayStation 4,,
Pokemon Shuffle, Game Boy Advance,,
Port Royale 3: Pirates and Merchants, DS,,
Postal, Wii,,
Predator: Hunting Grounds, PSP,,
ProStroke Golf - World Tour 2007, Game Boy Advance,,
Q*bert: Rebooted: The XBOX One @!#?@! Edition, PC,,
Rafa Nadal Tennis, PlayStation 4,,
Recompile, PlayStation 3,,
Red Johnson's Chronicles - One Against All, PlayStation 4,,
Reign of Fire, Xbox 360,,
RF Online, DS,,
RollerCoaster Tycoon Adventures, GameCube,,
Rooms: The Main Building, 3DS,,
Roving Rogue, Wii,,
Run Like Hell!, PlayStation 4,,
Safecracker: The Ultimate Puzzle Adventure, PlayStation 3,,
Savage Skies, Xbox 360,,
Scooby-Doo! Mystery Mayhem, PC,,
Scooby-Doo! Who's Watching Who?, PlayStation 2,,
Shattered Skies, PlayStation 2,,
Short Peace: Ranko Tsukigime's Longest Day, Wii,,
Sonic Forces, PlayStation 3,,
Sonic Riders: Zero Gravity, Xbox 360,,
Spawn: Armageddon, PC,,
Spelunker HD, Xbox,,
SpongeBob SquarePants: Creature from the Krusty Krab, Xbox One,,
Spyro: Enter the Dragonfly, 3DS,,
Star Trek: Legacy, Xbox,,
Star Wars The Clone Wars: Lightsaber Duels, PC,,
Street Hoops, PC,,
Super Monkey Ball Adventure, Xbox 360,,
Super Toy Cars, PlayStation 4,,
Supreme Commander, PlayStation 2,,
Supreme League of Patriots, PlayStation 2,,
Surgeon Simulator: Anniversary Edition, Dreamcast,,
Syndrome, Switch,,
Table Mini Golf, Xbox One,,
Table Top Tanks, PC,,
Tang Tang, PlayStation Vita,,
Tenchu Z, PlayStation 4,,
The Adventures of Tintin: The Game, PlayStation 4,,
The Council - Episode 5: Checkmate, PSP,,
The Italian Job, PlayStation 3,,
The LEGO Movie 2 Videogame, Xbox 360,,
The Technomancer, PlayStation Vita,,
The Walking Dead Onslaught, PlayStation 3,,
The X-Files Game, PlayStation 2,,
Thor: God of Thunder, Xbox One,,
Tokyo Beat Down, Xbox 360,,
Tom Clancy's Ghost Recon: Breakpoint, Switch,,
Toren, DS,,
Transformers Prime: The Game, DS,,
Transformers: The Game, Wii U,,
TV Superstars, Xbox 360,,
Unbound Saga, PC,,
Valkyria Revolution, DS,,
Velvet Assassin, PlayStation 2,,
Viva Pinata: Party Animals, PlayStation Vita,,
Warriors Orochi 2, Xbox One,,
We Cheer, PlayStation 2,,
Werewolf: The Apocalypse - Earthblood, Switch,,
WWE Crush Hour, PC,,
WWE WrestleMania 21, PC,,
X-Men: Next Dimension, Wii,,
Yu Yu Hakusho: Dark Tournament, PC,,
Zatch Bell! Mamodo Battles, Xbox 360,,
300: March to Glory, PlayStation 2,,
A.W.: Phoenix Festa, PC,,
Akiba's Beat, PC,,
Alias (2004), Game Boy Advance,,
Alien Spidy, Xbox,,
Aliens Versus Predator 2: Primal Hunt Expansion Pack, 3DS,,
Alone in the Dark, DS,,
Anamorphine, Xbox 360,,
Asteroids & Deluxe, PC,,
Babel Rising, DS,,
Battlestar Galactica, Wii,,
Blair Witch Volume III: The Elly Kedward Tale, Xbox 360,,
Bloody Good Time, PlayStation 4,,
BlowOut, Wii,,
Bob Help Them, DS,,
Bohemian Killing, PlayStation 2,,
Bomberman Land Portable, Xbox 360,,
Bright Memory, PlayStation 2,,
Bullet Witch, Switch,,
BurgerTime: World Tour, PlayStation 2,,
Buzz Lightyear of Star Command, PC,,
C.O.P.: The Recruit, PlayStation 2,,
Cabela's Dangerous Hunts 2011, PC,,
Cake Mania, 3DS,,
Cartoon Network Racing, PC,,
Centipede & Millipede, PlayStation 4,,
Classic NES Series: Donkey Kong, Xbox 360,,
Close to the Sun, Xbox,,
Codename: Outbreak, Xbox,,
Conflict: Desert Storm, PlayStation 3,,
Conflict: Vietnam, Xbox 360,,
Criminal Girls: Invite Only, Wii,,
Crimson Dragon, PlayStation 3,,
Cube Life: Island Survival, PlayStation 4,,
Dark Horizon, Xbox,,
Darkout, Xbox,,
Diner Dash: Sizzle & Serve, 3DS,,
Don King Boxing, PC,,
Dragon Ball Z: Ultimate Tenkaichi, PSP,,
DreadOut, Xbox 360,,
Driven, PlayStation 4,,
Driving Emotion Type-S, PSP,,
Dynasty Warriors: Gundam, PlayStation 4,,
Elite: Dangerous - Odyssey, 3DS,,
Endless Ages, Dreamcast,,
Evil Dead: A Fistful of Boomstick, Xbox 360,,
Fable Heroes, Wii U,,
Fade to Silence, PlayStation Vita,,
Fist of the North Star: Ken's Rage 2, DS,,
Ford Mustang: The Legend Lives, PlayStation 4,,
Frogger Advance: The Great Quest, PlayStation 3,,
Genji: Days of the Blade, Wii,,
Gunfighter: The Legend of Jesse James, PC,,
GunGriffon: Allied Strike, PlayStation 4,,
Half Past Fate: Romantic Distancing, DS,,
Hard to be a God, PlayStation 3,,
Haze, PlayStation 4,,
Hercules: The Legendary Journeys, PSP,,
Hoshigami: Ruining Blue Earth Remix, Wii,,
Hot Pixel, PlayStation 2,,
Humans Must Answer, PlayStation 2,,
Hyperdimension Neptunia Victory, PSP,,
I of the Dragon, Wii,,
Ice Age: Scrat's Nutty Adventure, Game Boy Advance,,
IGPX: Immortal Grand Prix, Xbox One,,
Insecticide, PlayStation 2,,
Jaws Unleashed, Game Boy Advance,,
Judge Dredd: Dredd VS Death, PSP,,
Kinect Star Wars, GameCube,,
Legends of Wrestling, PlayStation 4,,
Lost: Via Domus, Game Boy Advance,,
Magnetic: Cage Closed, PlayStation 3,,
Mario & Sonic at the Sochi 2014 Olympic Winter Games, PC,,
Marvel Super Hero Squad: The Infinity Gauntlet, Xbox Series X,,
Medal of Honor: Warfighter, Game Boy Advance,,
Medal of Honor: Warfighter, 3DS,,
Mega Man Star Force 2: Zerker x Ninja, PlayStation 3,,
Mega Man Star Force 2: Zerker x Saurian, PC,,
Metal Wolf Chaos XD, DS,,
Might and Magic IX, Switch,,
Mighty No. 9, Xbox 360,,
Monochroma, Wii U,,
Monster Madness: Battle for Suburbia, PlayStation 2,,
Mugen Souls, DS,,
Myst III: Exile, Xbox One,,
Naruto Shippuden: Ninja Destiny 2, Xbox 360,,
Naruto: Ninja Council 2, Xbox 360,,
NCAA Final Four 2001, Wii U,,
NHL FaceOff 2003, PC,,
Ninjamurai, PlayStation 4,,
Order Up!!, PlayStation Vita,,
Othello, PC,,
Pokemon Channel, PlayStation 2,,
Rabbids Travel in Time 3D, Xbox,,
RLH: Run Like Hell, PlayStation Vita,,
Robocraft Infinity, PC,,
Rugby 2004, Dreamcast,,
Rugby World Cup 2011, PSP,,
Rune Factory: Tides of Destiny, PlayStation 4,,
Rush, PC,,
Saint Seiya: Brave Soldiers, Xbox 360,,
Salt Lake 2002, Switch,,
Samurai Warriors 2: Empires, PlayStation 4,,
Samurai Warriors 3, PC,,
Scooby-Doo! Mystery Mayhem, PC,,
Sense: A Cyberpunk Ghost Story, PlayStation 2,,
Shifting World, PlayStation 4,,
Shinobido 2: Revenge of Zen, GameCube,,
Showdown: Legends of Wrestling, PC,,
Shrek 2, PlayStation 3,,
Smash Court Tennis 3, DS,,
Sniper: Ghost Warrior, PlayStation 5,,
Sniper: Ghost Warrior 3, Xbox 360,,
Space Channel 5: Ulala's Cosmic Attack, DS,,
Space Hulk: Deathwing, PlayStation Vita,,
SpellForce 2: Faith in Destiny, Xbox 360,,
SportsBarVR, Game Boy Advance,,
Start the Party!, PlayStation 4,,
Suicide Guy, PlayStation,,
Super Monkey Ball 3D, PlayStation 4,,
Surf Rocket Racers, Xbox One,,
Tecmo Classic Arcade, Switch,,
Teenage Mutant Ninja Turtles (2003), Nintendo 64,,
The Amazing Spider-Man, PC,,
The Assembly, 3DS,,
The Bradwell Conspiracy, Xbox 360,,
The Cursed Crusade, Xbox,,
The Great Escape, Xbox One,,
The Incredibles, PlayStation 4,,
The Incredibles, PSP,,
The Park, PlayStation 3,,
The Seven Deadly Sins: Knights of Britannia, PlayStation 2,,
The Simpsons: Road Rage, PlayStation 3,,
The War of the Worlds, PC,,
Thor: God of Thunder, PC,,
Titan Quest, DS,,
Topatoi: Spinning Through The Worlds, Xbox 360,,
Totaled!, PC,,
Touhou Genso Rondo: Bullet Ballet, Xbox 360,,
Transformers: The Game, DS,,
Trinity: Souls of Zill O'll, Xbox One,,
Trioncube, PlayStation 3,,
Under the Skin, DS,,
Virtua Quest, Xbox One,,
VR Ping Pong Pro, PC,,
Warhammer Quest, PlayStation 2,,
Warhammer: Battle for Atluma, Switch,,
Warhammer: Battle March, GameCube,,
Watchmen: The End Is Nigh, Wii,,
WWE Crush Hour, Switch,,
WWE Survivor Series, PC,,
X2: Wolverine's Revenge, PSP,,
You're in the Movies, Wii U,,
Zack Zero, Xbox One,,
Zapper, PlayStation 3,,
007: Quantum of Solace, PlayStation 2,,
2Dark, Xbox 360,,
A Valley Without Wind, Dreamcast,,
Ace Combat Infinity, PC,,
Achron, Xbox,,
Army Men: Sarge's Heroes 2, Switch,,
Army of Two: The Devil's Cartel, PC,,
Astro Boy, PC,,
Backbreaker, PC,,
Battle of Europe, PSP,,
Bitlogic - A Cyberpunk Arcade Adventure, Game Boy Advance,,
Black Mirror, PlayStation 2,,
BMX XXX, PlayStation 3,,
Boogie Bunnies, PlayStation 2,,
Buzz Lightyear of Star Command, PlayStation 3,,
Carnivores: Ice Age, Switch,,
Cars Race-O-Rama, PlayStation 4,,
Cast of the Seven Godsends, Xbox 360,,
Combat Elite: WWII Paratroopers, PC,,
Create, PlayStation 4,,
Creepy Tale, Xbox 360,,
Crime Scene, Game Boy Advance,,
CSI: Miami, Xbox 360,,
Dakar 18, Xbox 360,,
Dangerous Golf, GameCube,,
Dead to Rights II, PlayStation 4,,
Dead to Rights: Reckoning, PlayStation 3,,
Despicable Me: The Game - Minion Mayhem, PlayStation 4,,
Die Hard: Nakatomi Plaza, Xbox 360,,
Die Hard: Vendetta, Xbox One,,
Disney Sing It, Xbox One,,
Disney*Pixar WALL-E, Xbox One,,
Disney's Lilo & Stitch, PlayStation 4,,
Dragon Age: Origins - Return to Ostagar, DS,,
Dream Trigger 3D, GameCube,,
Dynasty Warriors: Gundam 2, Switch,,
E.T. Armies, Xbox One,,
Earthfall, Xbox 360,,
El Matador, PlayStation,,
Elevator Action Deluxe, DS,,
FaceBreaker, PC,,
Fallen Legion: Revenants, DS,,
Farming Simulator 15, 3DS,,
Feather, PlayStation 3,,
Fighter Destiny 2, PSP,,
"Flower, Sun, and Rain", PlayStation 3,,
Fret Nice, GameCube,,
Frogger 3D, GameCube,,
Frogger: Ancient Shadow, Xbox 360,,
Gauntlet Dark Legacy, PC,,
Gemini: Heroes Reborn, Xbox 360,,
Ghost Rider, PC,,
Gods: Lands of Infinity, PlayStation 2,,
GUNS UP!, Xbox 360,,
Hamsterdam, PlayStation Vita,,
Harvest Moon: One World, GameCube,,
Homefront: The Revolution, Switch,,
Hot Wheels Velocity X, PlayStation 3,,
Hunting Simulator 2, DS,,
Hyperdimension Neptunia PP: Producing Perfection, PlayStation 3,,
I Heart Geeks!, Xbox 360,,
Import Tuner Challenge, PlayStation 4,,
In Space We Brawl, Game Boy Advance,,
Iron Man 2, PC,,
Jagged Alliance: Rage!, PlayStation,,
Jumping Joe & Friends, PlayStation 3,,
Jurassic Park: The Game, GameCube,,
Kholat, GameCube,,
King Arthur: Fallen Champions, Xbox One,,
Kingdom Come: Deliverance - From The Ashes, PlayStation 4,,
Knack, PC,,
Knee Deep, 3DS,,
Legend of Kay Anniversary, PlayStation 2,,
Legendary Eleven, PC,,
LEGO The Lord of the Rings, Xbox,,
Lost in Blue: Shipwrecked, PlayStation Vita,,
Mario Party Advance, PC,,
Marvel Nemesis: Rise of the Imperfects, Xbox 360,,
Mega Man: Battle Chip Challenge, PSP,,
Minesweeper Flags, Switch,,
Minority Report: Everybody Runs, Xbox 360,,
Minority Report: Everybody Runs, PC,,
Moebius: Empire Rising, Xbox One,,
NBA Ballers: Chosen One, PlayStation 2,,
NBA ShootOut 2001, PlayStation 4,,
NCAA March Madness 2002, PlayStation 4,,
Night at the Museum: Battle of the Smithsonian, PC,,
Night Watch, Xbox 360,,
Ninja Reflex, 3DS,,
Nippon Marathon, PlayStation Vita,,
No Time to Explain, DS,,
Orphen: Scion of Sorcery, PC,,
OVERPASS, DS,,
Pac-Man Fever, PC,,
Pirates of the Caribbean: At World's End, Switch,,
Pokemon Dream Radar, Xbox 360,,
Pokemon Mystery Dungeon: Explorers of Sky, PlayStation 3,,
POSTAL Redux, Xbox,,
Radiation Island, Xbox One,,
Rainbow Islands Revolution, Wii,,
Real Pool, PC,,
Reality Fighters, PlayStation 2,,
Reign of Fire, 3DS,,
Reign of Fire, DS,,
RIDE, PlayStation 2,,
Rise of Nightmares, PC,,
Rise of the Argonauts, Game Boy Advance,,
River King: Mystic Valley, Xbox 360,,
Road to Guangdong, PlayStation 2,,
RocketBowl, Game Boy Advance,,
Rush Bros, GameCube,,
Sadame, PlayStation Vita,,
Scooby Doo! Who's Watching Who?, PC,,
Scooby-Doo! Mystery Mayhem, PlayStation 4,,
Shaman King: Power of Spirit, PC,,
Smashbox Arena, Switch,,
Sneak King, Xbox One,,
Son of Nor, Xbox 360,,
Sonic and the Black Knight, PlayStation,,
Sonic Shuffle, PSP,,
Sonic Unleashed, PC,,
Space Channel 5 VR: Kinda Funky News Flash, 3DS,,
Spikeout: Battle Street, PC,,
Spirit Camera: The Cursed Memoir, Xbox 360,,
Spyglass Board Games, DS,,
Stacked with Daniel Negreanu, DS,,
Star Trek: Conquest, PlayStation 4,,
Star Wars: Battle for Naboo, DS,,
Steambot Chronicles: Battle Tournament, PC,,
Strike Force Bowling, PlayStation 4,,
Stubbs the Zombie in Rebel Without a Pulse, PlayStation 3,,
Temple of Yog, Switch,,
The Chronicles of Narnia: Prince Caspian, Game Boy Advance,,
The Elder Scrolls V: Skyrim - Hearthfire, PC,,
The Golden Horde, Game Boy Advance,,
The Great Escape (2003), Game Boy Advance,,
The Great Perhaps, PlayStation 3,,
The Legend of Spyro: The Eternal Night, PlayStation 4,,
The Lord of the Rings: Conquest, PlayStation 4,,
The Padre, PC,,
The Political Machine 2012, PlayStation 4,,
The Tales of Bearsworth Manor: Chaotic Conflicts, PC,,
The Tomorrow Children, Wii U,,
Tom Clancy's Ghost Recon 2, PlayStation 4,,
Tom Clancy's Ghost Recon Predator, Xbox 360,,
Tom Clancy's Rainbow Six Critical Hour, Xbox 360,,
Top Gun: Hard Lock, PlayStation 2,,
Trials of the Blood Dragon, PlayStation 2,,
UFC: Sudden Impact, Xbox 360,,
Universal Combat, PlayStation 3,,
Valkyria Revolution, PC,,
Vancouver 2010 - The Official Video Game of the Olympic Winter Games, PlayStation 2,,
Virtual-On Marz, GameCube,,
Warriors: Legends of Troy, PlayStation 2,,
Werewolf: The Apocalypse - Earthblood, PlayStation 2,,
Whipseey and the Lost Atlas, Xbox 360,,
World's Scariest Police Chases, Xbox 360,,
X-Blades, Wii,,
Yoostar 2: In The Movies, DS,,
#KILLALLZOMBIES, Xbox,,
A Game of Thrones: Genesis, Xbox,,
Active Soccer 2 DX, Xbox 360,,
Adam's Venture: Origins, PlayStation 3,,
Agatha Christie: The ABC Murders, PC,,
Aidyn Chronicles: The First Mage, PlayStation 2,,
Airplane Mode, Switch,,
Akaneiro: Demon Hunters, PlayStation 3,,
Alien Havoc, Xbox,,
American Conquest: Divided Nation, Xbox 360,,
Assassin's Creed Chronicles: Russia, PlayStation 2,,
Bakugan: Champions of Vestroia, PC,,
BattleBots: Beyond the BattleBox, Switch,,
B-Boy, Xbox,,
Bedlam: The Game by Christopher Brookmyre, Switch,,
Bit Boy!! Arcade, PlayStation 2,,
Black Clover: Quartet Knights, Wii U,,
Blade & Sword, PlayStation 2,,
Blades of Time, DS,,
Blok Drop U, GameCube,,
Bodycount, Game Boy Advance,,
Bound by Flame, PlayStation 3,,
Brain Assist, PC,,
Britney's Dance Beat, PlayStation 4,,
Bust-A-Move Bash!, PlayStation,,
Carmen Sandiego: The Secret of the Stolen Drums, PlayStation,,
Carmen Sandiego: The Secret of the Stolen Drums, Xbox 360,,
Castle of Heart, PC,,
Classic NES Series: Pac-Man, Nintendo 64,,
Cloudpunk, Wii,,
Conspiracies, DS,,
Crime Lab: Body of Evidence, Dreamcast,,
Cruis'n Velocity, Xbox One,,
Curious George, PlayStation 3,,
Cy Girls, Wii,,
Dakar 18, Xbox,,
Dark Angel: Vampire Apocalypse, PC,,
Dash of Destruction, PC,,
Daymare: 1998, Wii,,
Dead or Alive Xtreme 2, PlayStation 2,,
Deadfall Adventures, Xbox One,,
Death Track: Resurrection, GameCube,,
Destroy All Humans! Big Willy Unleashed, Xbox 360,,
Doctor Lautrec and the Forgotten Knights, PC,,
Doodle God: Ultimate Edition, PSP,,
Dragon Ball Z: Battle of Z, PlayStation 4,,
Dragon Ball Z: The Legacy of Goku, PlayStation 2,,
Dreamcast Collection, PlayStation 5,,
Dungeon Fighter Live: Fall of Hendon Myre, Switch,,
Dungeons & Dragons: Dark Alliance, Xbox 360,,
Eat Lead: The Return of Matt Hazard, DS,,
Ecco the Dolphin, PlayStation 2,,
Elemental: War of Magic, PlayStation 2,,
EyeToy: Operation Spy, PC,,
Fable II Pub Games, PlayStation,,
FaceBreaker, PlayStation 4,,
Fairytale Fights, PC,,
Fallout 76, Xbox 360,,
Family Guy, DS,,
Five Nights at Freddy's: Help Wanted, Xbox One,,
Flip Wars, Xbox,,
Food Network: Cook or Be Cooked, Xbox,,
Friday the 13th: The Game, PlayStation Vita,,
Full Auto 2: Battlelines, DS,,
Game of Thrones, Switch,,
Goat Simulator, 3DS,,
Godzilla: Domination!, DS,,
"Great Invasions: The Darkages ""350-1066 AD""", Xbox 360,,
Grimshade, PlayStation 4,,
Halo: Spartan Assault, Game Boy Advance,,
Hover, Xbox 360,,
HSX HyperSonic.Xtreme, PC,,
Hyperdimension Neptunia mk2, PC,,
Hysteria Hospital: Emergency Ward, PC,,
Ice Cream Surfer, PlayStation 2,,
Inversion, DS,,
Iridion 3D, Xbox 360,,
James Patterson Women's Murder Club: Games of Passion, Wii,,
Kill Strain, PlayStation 3,,
"Knight's Apprentice, Memorick's Adventures", PSP,,
Knights of the Temple II, PlayStation 4,,
Lair, PC,,
Law & Order: Legacies, Nintendo 64,,
Legends of Might and Magic, Xbox,,
Little Friends: Dogs & Cats, PlayStation 4,,
Loading Human: Chapter 1, PlayStation 2,,
Lord of Arcana, 3DS,,
Marvel Nemesis: Rise of the Imperfects, Xbox One,,
Minecraft: Story Mode - Episode 2: Assembly Required, DS,,
Minority Report: Everybody Runs, PC,,
Monopoly for Nintendo Switch, PC,,
Namco Museum Megamix, PC,,
Natural Doctrine, Wii,,
NBA Live 15, PC,,
NBA ShootOut 2002, PC,,
NBA Starting Five, PC,,
NCAA GameBreaker 2003, Wii,,
NFL Quarterback Club 2002, Xbox 360,,
Nicktoons Unite!, Switch,,
Nicktoons Unite!, PC,,
Obscure: The Aftermath, PlayStation 4,,
Oure, Xbox,,
Pac-Man All-Stars, Game Boy Advance,,
Painkiller: Hell & Damnation, PlayStation 2,,
Phantaruk, PlayStation 4,,
Pirates: The Key of Dreams, PlayStation 2,,
Pixel Piracy, Xbox 360,,
Planar Conquest, Xbox 360,,
Planet 51, PC,,
Pokemon Battle Revolution, PC,,
Portal Runner, Wii U,,
Professor Heinz Wolff's Gravity, Xbox One,,
Purge, Wii,,
Rabbids Invasion, Xbox 360,,
Ragnarok DS, Wii U,,
Rainbow Islands: Towering Adventure!, Switch,,
Red Goddess: Inner World, Xbox,,
Rune: Viking Warlord, Wii,,
Samurai Warriors 2 Empires, PlayStation 4,,
Scene It? Bright Lights! Big Screen!, Xbox,,
Shadwen, PlayStation 3,,
SimAnimals Africa, Xbox 360,,
Sniper: Ghost Warrior, PSP,,
Solar Shifter EX, Wii,,
Space Trader - Merchant Marine, PlayStation 4,,
Spare Parts, PlayStation 2,,
Spider-Man 3, Switch,,
Spy vs. Spy, PC,,
Stranger Things 3: The Game, Wii,,
Super Dungeon Bros, Xbox 360,,
Super Monkey Ball Adventure, PC,,
SX Superstar, PC,,
Sydney 2000, PSP,,
Teenage Mutant Ninja Turtles 3: Mutant Nightmare, Wii,,
Tetris Splash, PlayStation 3,,
Tetris Worlds, PC,,
The Adventures of Darwin, PC,,
The Assembly, PSP,,
The Chosen - Well of Souls, DS,,
The Da Vinci Code, Switch,,
The Game of Life 2, Xbox 360,,
The History Channel: Civil War - A Nation Divided, PC,,
The Terminator: Dawn of Fate, GameCube,,
The Three Musketeers: One for All!, PlayStation 3,,
The Three Stooges, PlayStation 4,,
The Witch and the Hundred Knight, Xbox 360,,
Tom Clancy's Splinter Cell 3D, PlayStation 3,,
Tony Hawk: Shred, Xbox,,
Top Angler, PC,,
Toribash: Violence Perfected, Xbox 360,,
Tour de France 2014, PlayStation 2,,
Transformers: Revenge of the Fallen, Switch,,
Transformers: The Game, PlayStation 4,,
Two Thrones, Xbox 360,,
Valhalla Knights, PlayStation 3,,
Virtua Quest, Xbox 360,,
War Times, Xbox 360,,
WarioWare: Snapped!, PC,,
Warpath, Switch,,
Windforge, PlayStation 4,,
World Championship Poker: Featuring Howard Lederer - All In, PlayStation 3,,
World Heroes Anthology, PlayStation 4,,
X-Men Origins: Wolverine, PlayStation 4,,
X-Men: The Official Game, PlayStation 4,,
Yu-Gi-Oh! The Dawn of Destiny, PC,,
187 Ride or Die, Game Boy Advance,,
50 Cent: Bulletproof G Unit Edition, GameCube,,
Again: Interactive Crime Novel, PC,,
Akiba's Trip: Hellbound & Debriefed, Game Boy Advance,,
Alpha Polaris: A Horror Adventure Game, 3DS,,
Ant Nation, PlayStation 2,,
Aqua Moto Racing 3D, PC,,
Auto Modellista, Switch,,
Azurik: Rise of Perathia, PC,,
Back in 1995, Wii,,
Beijing 2008: The Official Video Game of the Olympic Games, PlayStation 4,,
Bionicle Heroes, PlayStation 3,,
Boogie, PC,,
Brain Voyage, Wii,,
Brunswick Pro Bowling, PSP,,
Caveman Warriors, PC,,
Cocoto Fishing Master, Switch,,
Crescent Pale Mist, GameCube,,
Cross Edge, Xbox,,
"Crouching Tiger, Hidden Dragon", DS,,
Crystal Defenders, PlayStation 2,,
Darkness Within: In Pursuit of Loath Nolder, Xbox One,,
Dawn of Magic, Game Boy Advance,,
Dead Rising 3: Operation Broken Eagle, PlayStation 2,,
Defenders of Ardania, Wii,,
Dynasty Warriors: Gundam 2, Wii,,
Eden-Tomorrow, Xbox 360,,
Enemy Front, Switch,,
Escape Dead Island, DS,,
Extinction, Xbox 360,,
Game of Thrones, PlayStation 2,,
Gangs of London, Xbox,,
Great War Nations: The Spartans, Xbox 360,,
Hail to the Chimp, PlayStation 4,,
Hammer & Sickle, PlayStation 3,,
Hellpoint, PlayStation 3,,
Hi Hi Puffy AmiYumi: The Genie & the Amp, PC,,
Hidden Dragon Legend, Wii,,
Jagged Alliance: Flashback, Xbox 360,,
Jaws Unleashed, Switch,,
Kinect Joy Ride, Wii,,
Krater, PlayStation 3,,
Last Encounter, PSP,,
Leisure Suit Larry: Wet Dreams Don't Dry, PlayStation 2,,
Midnight Nowhere, Xbox 360,,
Mighty No. 9, PlayStation 2,,
Mighty No. 9, Xbox,,
Miner Wars 2081, PlayStation 3,,
Naruto: Uzumaki Chronicles 2, Xbox 360,,
NCAA Final Four 2002, DS,,
Neopets Puzzle Adventure, Xbox,,
NeverDead, Switch,,
New Frontier Days: Founding Pioneers, PSP,,
No Time to Explain, PlayStation 3,,
Over the Hedge: Hammy Goes Nuts!, PlayStation 3,,
Pax Romana, 3DS,,
Pirates of the Caribbean: Dead Man's Chest, PC,,
Rabbids Land, PlayStation 4,,
Rango, PlayStation 4,,
Realms of Ancient War, Game Boy Advance,,
Realpolitiks, PlayStation 2,,
Red Faction: Battlegrounds, Wii,,
Resident Evil: Operation Raccoon City, PlayStation 2,,
Rygar: The Battle of Argus, PlayStation 2,,
Samurai Warriors 2, Game Boy Advance,,
Seven Games of the Soul, Wii,,
Seven Samurai 20XX, PSP,,
SkateBIRD, PlayStation 4,,
Sniper: Ghost Warrior 2, PlayStation 2,,
Sniper: Ghost Warrior 2, Switch,,
SoulCalibur Legends, PlayStation 4,,
South Park: Tenorman's Revenge, PC,,
Spare Parts, DS,,
Spectra: 8bit Racing, PlayStation 3,,
Spider-Man: Web of Shadows, PlayStation 4,,
Star Horizon, PC,,
Strobophagia | Rave Horror, Wii,,
Taxi Chaos, PlayStation 2,,
TerRover, Switch,,
Tetris Evolution, Xbox One,,
The Da Vinci Code, Xbox One,,
The Dukes of Hazzard: Return of the General Lee, PC,,
The First Templar, PlayStation 2,,
The Sims 3, Xbox,,
Time Ace, Xbox One,,
Voltron: Defender of the Universe, Xbox,,
"Warhammer 40,000: Eternal Crusade", Wii,,
Warriors Orochi 2, PlayStation 4,,
WinBack 2: Project Poseidon, Xbox One,,
Winter Sports: The Ultimate Challenge, Xbox One,,
World Series of Poker, Xbox 360,,
Worlds of Magic, Xbox,,
X-Men: The Official Game, PlayStation 4,,
Yu-Gi-Oh! Zexal: World Duel Carnival, PlayStation 4,,
007 Racing, Switch,,
187 Ride or Die, Xbox 360,,
7 Wonders of the Ancient World, Wii U,,
ACORN Tactics, PlayStation 2,,
Action Bass, Xbox 360,,
Alien Syndrome, Xbox 360,,
Alpha Black Zero: Intrepid Protocol, PlayStation 5,,
And 1 Streetball, PC,,
Backyard Wrestling: Don't Try This at Home, PlayStation 4,,
Balan Wonderworld, 3DS,,
BANNERMEN, PlayStation 3,,
Baseball Riot, PlayStation,,
Beowulf: The Game, 3DS,,
Big Mutha Truckers 2, Xbox One,,
Bionicle, Xbox 360,,
Bird Mania 3D, Wii,,
Blade, PC,,
Breed, PlayStation 2,,
Brooktown High, Xbox,,
Bullet Witch, Wii,,
Captain America: Super Soldier, PlayStation 4,,
Carmageddon: Max Damage, PlayStation 2,,
Code Lyoko: Fall of X.A.N.A., Switch,,
Conflict: Denied Ops, PlayStation 4,,
Confrontation, Xbox 360,,
Crusty Demons, PSP,,
CSI: Crime Scene Investigation: Deadly Intent, PSP,,
Cubic Ninja, PlayStation 3,,
Dance of Death: Du Lac & Fey, Xbox 360,,
Daylight, Xbox,,
Dead Reefs, Xbox One,,
Dead Rising 3: The Last Agent, PC,,
Dead to Rights II, Xbox 360,,
Death by Degrees, PSP,,
Delta Force: Task Force Dagger, PlayStation 2,,
Destroyer Command, Xbox 360,,
Dino Crisis 3, PlayStation 2,,
Disaster Report 4: Summer Memories, PlayStation 2,,
Dragon Ball Z: Sagas, PlayStation 4,,
Dragon Blade: Wrath of Fire, Xbox,,
Duke Nukem Forever, Wii,,
Eat Lead: The Return of Matt Hazard, PSP,,
Eragon, 3DS,,
Evil Dead: Hail to the King, Xbox,,
Extinction, PlayStation 3,,
Fairytale Fights, Xbox One,,
Fast Lanes Bowling, PlayStation 2,,
Fuel Overdose, Xbox,,
G.I. Joe: Operation Blackout, PC,,
G.I. Joe: The Rise of Cobra, PC,,
Grom: Terror in Tibet, PSP,,
Hail to the Chimp, PlayStation 2,,
Happy Tree Friends: False Alarm, Xbox,,
Headspun, Switch,,
History Legends of War: Patton, Xbox One,,
Hospital Tycoon, Xbox,,
How to Train Your Dragon, Xbox One,,
I Am Bread, Wii,,
Immortal: Unchained, PlayStation 2,,
Inuyasha: The Secret of the Cursed Mask, PC,,
Jaws Unleashed, DS,,
Knights Contract, Xbox,,
Koi, Switch,,
Legion: The Legend of Excalibur, DS,,
Looney Tunes: Back in Action, PC,,
Malice, Wii,,
Marvel Super Hero Squad, Xbox 360,,
Monster 4X4: World Circuit, PSP,,
Murdered: Soul Suspect, PlayStation 2,,
NanoBreaker, Xbox 360,,
NARC, Xbox 360,,
NFL GameDay 2001, DS,,
NFL GameDay 2002, PC,,
OVERKILL's The Walking Dead, PlayStation 3,,
Pac-Man World Rally, Switch,,
PDC World Championship Darts 2008, DS,,
Pirates of the Caribbean: The Legend of Jack Sparrow, PlayStation 3,,
Pixel Gear, PC,,
Racquet Sports, PlayStation 4,,
Rampage: Total Destruction, PC,,
Red Johnson's Chronicles - One Against All, PlayStation Vita,,
Redout: Space Assault, PlayStation 2,,
Rengoku II: The Stairway to H.E.A.V.E.N., PlayStation 2,,
Restricted Area (2005), PlayStation 4,,
Retro Atari Classics, PC,,
Risen 3: Titan Lords - Enhanced Edition, PC,,
River King: A Wonderful Journey, Xbox 360,,
Rush'N Attack Ex-Patriot, DS,,
Saints Row 2: Ultor Exposed, PC,,
Serious Sam Advance, PlayStation 2,,
Shadow the Hedgehog, Xbox One,,
Shadwen, Xbox 360,,
Silver Chains, PlayStation 2,,
Spy Hunter, PlayStation 4,,
Spy Hunter: Nowhere to Run, Xbox 360,,
Spy Hunter: Nowhere to Run, Wii,,
Star Trek: Encounters, PC,,
Stolen, Wii,,
Super Monkey Ball Adventure, DS,,
Superman Returns, PC,,
SuperPower 2, Switch,,
Sydney 2000, Switch,,
Table Manners, 3DS,,
The Ant Bully, Switch,,
The Hardy Boys: The Hidden Theft, PlayStation 2,,
The Haunted: Hell's Reach, Xbox,,
The Hustle: Detroit Streets, PC,,
The Lord of the Rings: The Fellowship of the Ring, PSP,,
The Revenge of Shinobi, Switch,,
Top Spin 2, Xbox One,,
Twisted Metal Small Brawl, Wii,,
V-Rally 4, PC,,
Where the Wild Things Are, PlayStation 2,,
Wing Commander Arena, PlayStation 2,,
Yie Ar Kung-Fu, PlayStation 2,,
YUMENIKKI -DREAM DIARY-, PlayStation 2,,
50 Cent: Bulletproof, Game Boy Advance,,
A Witch's Tale, PlayStation 3,,
Adrenalin Misfits, PC,,
Adventure Time: Pirates of the Enchiridion, Wii U,,
AereA, Xbox 360,,
Afterfall: InSanity, PSP,,
Agatha Christie: And Then There Were None, GameCube,,
Alfred Hitchcock presents The Final Cut, DS,,
America, PlayStation 3,,
Animal Gods, PlayStation 3,,
AO International Tennis, PlayStation 3,,
Army Men: World War, Game Boy Advance,,
Backyard Wrestling: Don't Try This at Home, PC,,
Bakugan: Defenders of the Core, Switch,,
Baroque, PC,,
Battlezone, PlayStation 2,,
B-Boy, Xbox,,
Big Mutha Truckers 2, Wii,,
Bodycount, PC,,
Bubble Bobble Double Shot, PlayStation 4,,
Bugs vs. Tanks!, Xbox 360,,
Carnivores HD: Dinosaur Hunter, PC,,
Celebrity Sports Showdown, DS,,
Daredevil, PlayStation 2,,
Dead Block, PlayStation 4,,
Dead Rising 3: Chaos Rising, Xbox,,
Dead Space 3: Awakened, PC,,
Death by Game Show, PlayStation,,
Deca Sports, PC,,
Devil May Cry 2, PC,,
Disney*Pixar WALL-E, PlayStation 2,,
Disney's Atlantis: The Lost Empire - Trial By Fire, GameCube,,
Disney's Magical Mirror Starring Mickey Mouse, PlayStation 4,,
Divide, PlayStation 2,,
Dragon Rage, Game Boy Advance,,
Drawn to Life: Two Realms, Xbox One,,
Empire Earth III, PlayStation 2,,
Empire of Sin, PlayStation 2,,
Fable III: Understone Quest Pack, DS,,
Family Guy, PlayStation,,
Fear Effect Sedna, Xbox 360,,
Fishing Sim World, Xbox 360,,
Ford Bold Moves Street Racing, Wii,,
Funky Barn, Xbox 360,,
Galerians: Ash, Xbox 360,,
Generation Zero, PSP,,
Gods & Heroes: Rome Rising, PlayStation 2,,
Gomo, PlayStation,,
Guitar Hero: Van Halen, Xbox One,,
He-Man: Power of Grayskull, PlayStation 3,,
Hurry Up Hedgehog!, PC,,
Invizimals: The Lost Kingdom, Xbox 360,,
Jump Force: Deluxe Edition, Xbox 360,,
KumaWar, Xbox 360,,
Left Brain Right Brain, PC,,
Legendary, 3DS,,
Legendary, Game Boy Advance,,
Legends of Wrestling, PC,,
Lust for Darkness, PlayStation 3,,
Manic Monkey Mayhem, PlayStation 2,,
Mark McMorris Infinite Air, PSP,,
Marvel Avengers: Battle for Earth, PC,,
Marvel: Ultimate Alliance 2, PC,,
Men in Black II: Alien Escape, 3DS,,
Milanoir, 3DS,,
Minority Report: Everybody Runs, DS,,
Modern Combat: Blackout, GameCube,,
Monopoly Party!, Wii U,,
NARC, PC,,
Narco Terror, GameCube,,
NeverDead, Xbox,,
Night at the Museum: Battle of the Smithsonian, PC,,
Novadrome, PlayStation 2,,
Picklock, Xbox 360,,
Pirates: Duels on the High Seas, PC,,
Pixel Piracy, Xbox,,
Planet 51, DS,,
Planet Crashers (3DSWare), PlayStation 3,,
Postal 2, Xbox,,
Record of Agarest War Zero, Wii,,
Reservoir Dogs, GameCube,,
Reservoir Dogs, DS,,
Rugby World Cup 2011, PlayStation 4,,
RUNE II: Decapitation Edition, DS,,
RYL: Path of the Emperor, Wii,,
Samurai Sword Destiny, Xbox,,
Samurai Warriors 2: Xtreme Legends, PC,,
Soldier of Fortune: Payback, Xbox One,,
Soldier of Fortune: Payback, Xbox One,,
Sonic Adventure, Wii,,
Spider-Man: Edge of Time, PC,,
Spirits & Spells, PlayStation 2,,
Spyro: Shadow Legacy, PC,,
Star Trek: D-A-C, Switch,,
Start the Party! Save the World, PlayStation,,
Stolen, PC,,
SWAT: Target Liberty, PlayStation 4,,
Tao's Adventure: Curse of the Demon Seal, Xbox 360,,
Terminator 3: Rise of the Machines, Wii,,
Th3 Plan, DS,,
The Forbidden Arts, PlayStation 4,,
The Incredible Hulk, PlayStation 4,,
The Sims 2: Apartment Pets, PC,,
Toby: The Secret Mine, PlayStation 2,,
Tom Clancy's Splinter Cell: Chaos Theory, PSP,,
Trapped Dead, PlayStation 4,,
Tryst, PlayStation 2,,
Twin Strike: Operation Thunder, Xbox 360,,
Valhalla Knights 2, PlayStation 4,,
Vampire Moon: The Mystery of the Hidden Sun, Xbox 360,,
Voltron: Defender of the Universe, PC,,
Whiteout, PC,,
Wolfenstein: Cyberpilot, PSP,,
X-Blades, Xbox One,,
X-Blades, Xbox One,,
X-Men: Destiny, PC,,
X-Men: The Official Game, PlayStation 3,,
X-Men: The Official Game, 3DS,,
xXx, Switch,,
Ace of Spades, PlayStation 2,,
Adam's Venture Chronicles, Xbox 360,,
Aliens vs. Predator: Requiem, Switch,,
Animal Paradise, PlayStation 3,,
Army of Two: The 40th Day, PlayStation 2,,
Asphalt: Injection, Xbox,,
ATV: Quad Power Racing, PlayStation 2,,
Beyblade: Evolution, PC,,
Bicycle Casino, PlayStation,,
Blade II, Xbox 360,,
Blue Estate, PlayStation 3,,
Bust-A-Move Universe, Game Boy Advance,,
Calling, Xbox One,,
Cannon Fodder 3, Switch,,
Canvaleon, PC,,
Carnival Games for Nintendo Switch, PC,,
Castlevania Judgment, GameCube,,
Chibi-Robo! Photo Finder, PlayStation 2,,
Corpse of Discovery, Xbox 360,,
Crisis on the Planet of the Apes VR, PlayStation 3,,
CSI: Crime Scene Investigation: Hard Evidence, PlayStation 2,,
Damage Inc.: Pacific Squadron WWII, PlayStation 4,,
Deca Sports 2, PlayStation 4,,
De-formers, PlayStation 2,,
Digimon All-Star Rumble, Wii U,,
Disney's PK: Out of the Shadows, Xbox One,,
Dollar Dash, PlayStation 2,,
Domino Master, PSP,,
Double Dragon IV, Xbox 360,,
Dragon Ball Z for Kinect, PlayStation 2,,
Dragon Ball Z: Sagas, PC,,
Duke Nukem Forever, DS,,
Dungeon Hunter: Alliance, PC,,
Dungeon Twister, Xbox 360,,
Elements of War, PlayStation 4,,
Evil Dead: Hail to the King, PlayStation Vita,,
Fallout 76, Xbox,,
Final Fantasy XIV Online, PlayStation 4,,
Fuzion Frenzy 2, PlayStation 3,,
Garshasp: The Monster Slayer, Switch,,
Get On Da Mic, PlayStation 4,,
Ghost Rider, GameCube,,
Homefront: The Revolution, PlayStation 3,,
Ice Age: Scrat's Nutty Adventure, PlayStation 3,,
Immortal: Unchained, PlayStation 3,,
Iron Man 2, PC,,
Iron Sky: Invasion, PlayStation 2,,
Just Dance, PlayStation 2,,
LA Cops, Game Boy Advance,,
Lara Croft Tomb Raider: The Angel of Darkness, PlayStation 4,,
Lucha Libre AAA Heroes del Ring, Switch,,
Madden NFL Football, Switch,,
MagNets: Fully Charged, 3DS,,
Marvel Super Hero Squad, PC,,
Mercenaries 2: World in Flames, Wii,,
Mighty Morphin Power Rangers: Mega Battle, PC,,
Milanoir, Wii,,
MLB Front Office Manager, DS,,
Monster 4x4: Masters of Metal, PC,,
Moto Racer 4, PlayStation 3,,
Namco Museum Remix, Xbox 360,,
Naruto Shippuden: Ninja Council 4, PC,,
NBA Jam 2002, Wii,,
NCAA Final Four 2001, Xbox 360,,
NFL Tour, Game Boy Advance,,
Nickelodeon Kart Racers, PC,,
Ninja Reflex, Switch,,
Nitrobike, DS,,
Novastrike, PC,,
One Piece: Pirates' Carnival, Game Boy Advance,,
Operation Blockade, Wii,,
Over G Fighters, Switch,,
Over the Hedge, Wii,,
Pac-Man and the Ghostly Adventures, PC,,
Pirates of the Caribbean: The Curse of the Black Pearl, PlayStation 3,,
Pirates of the Caribbean: The Legend of Jack Sparrow, PSP,,
PixelJunk Raiders, DS,,
Platoon: The 1st Airborne Cavalry Division in Vietnam, Wii,,
Pokemon Rumble U, DS,,
Pro Cast Sports Fishing, 3DS,,
Puzzle Arcade, Game Boy Advance,,
RC Revenge Pro, PlayStation 4,,
Red Faction: Battlegrounds, Game Boy Advance,,
Red Goddess: Inner World, Wii,,
Remothered: Broken Porcelain, PlayStation 3,,
RollerCoaster Tycoon 2: Wacky Worlds, PlayStation 3,,
RTX Red Rock, PlayStation 3,,
Rugby 20, Wii,,
Saints Row: The Third - Genki Bowl VII, PlayStation 2,,
Shadow the Hedgehog, Xbox 360,,
Shaq Fu: A Legend Reborn, PSP,,
Shrek, Xbox 360,,
Shrek-N-Roll, PlayStation 3,,
Space Invaders Revolution, PlayStation 4,,
Spitfire Heroes: Tales of the Royal Air Force, PlayStation 3,,
Spore Hero Arena, Switch,,
Star Trek: Conquest, Game Boy Advance,,
Super Rub a Dub, Xbox,,
Supremacy MMA, Wii,,
Teenage Mutant Ninja Turtles 2: Battle Nexus, DS,,
Terminator Salvation, Switch,,
Texas Hold 'Em Poker, Switch,,
The Dukes of Hazzard: Return of the General Lee, Xbox 360,,
The Scorpion King: Rise of the Akkadian, PlayStation 3,,
The Unexpected Quest, GameCube,,
Theatre of War 3: Korea, Xbox,,
Those Who Remain, Xbox 360,,
Toxic Grind, PC,,
Toy Story Mania!, Xbox,,
Transformers: Rise of the Dark Spark, DS,,
Trulon: The Shadow Engine, Xbox 360,,
Twin Sector, Wii,,
Vane, Switch,,
Warriors of Might and Magic, GameCube,,
Wheels of Destruction: World Tour, Xbox 360,,
Whirlwind Over Vietnam, PlayStation 2,,
World Championship Poker: Featuring Howard Lederer - All In, 3DS,,
Xbox Music Mixer, Xbox 360,,
YAIBA: NINJA GAIDEN Z, Wii,,
YesterMorrow, Xbox,,
Yu-Gi-Oh! GX: The Beginning of Destiny, Wii,,
Zombie Wranglers, PlayStation 4,,
A Bastard's Tale, Wii,,
Alex Rider: Stormbreaker, Xbox 360,,
Alien Syndrome, PlayStation 2,,
Aliens: Colonial Marines, Xbox One,,
Amazons & Aliens, Xbox 360,,
Army Men: Sarge's Heroes 2, PC,,
Astonishia Story, Wii U,,
Astro Boy: The Video Game, PlayStation 3,,
Battle Assault 3 featuring Gundam Seed, Wii,,
Beat Down: Fists of Vengeance, Xbox 360,,
Blood Alloy: Reborn, 3DS,,
Brave: A Warrior's Tale, PC,,
Bush Hockey League, Xbox,,
Cabela's Alaskan Adventures, PC,,
Carnival Games, PC,,
ChoroQ, PlayStation 4,,
Crazy Taxi: Catch a Ride, PSP,,
"Crouching Tiger, Hidden Dragon", Xbox One,,
CSI: Crime Scene Investigation: Hard Evidence, Xbox,,
Daylight, Xbox 360,,
Deadliest Catch: Sea of Chaos, 3DS,,
Delta Force - Black Hawk Down: Team Sabre, 3DS,,
Demon Skin, GameCube,,
DICE: DNA Integrated Cybernetic Enterprises, Wii,,
Digimon World 4, PlayStation 3,,
Disney Bolt, Xbox 360,,
Disney's Hide and Sneak, Xbox 360,,
Dogz, PlayStation 2,,
Dragon Ball Z: Sagas, Wii,,
Driver: Renegade, PC,,
Element Space, Xbox 360,,
Ephemeral Fantasia, DS,,
Eragon, PlayStation 4,,
Fire Pro Wrestling, PlayStation 2,,
FlingSmash, PlayStation 4,,
Frank Herbert's Dune, PlayStation 3,,
Freestyle Motocross: McGrath Vs. Pastrana, Xbox 360,,
Freestyle Street Soccer, PlayStation 4,,
Grotesque Tactics 2: Dungeons & Donuts, DS,,
Homefront: The Revolution, DS,,
IRONFALL Invasion, PlayStation 4,,
James Cameron's Dark Angel, Xbox One,,
Le Tour de France 2013 - 100th Edition, PlayStation 2,,
Legend of the North: Konung, Game Boy Advance,,
Lucius II, Xbox 360,,
Lux-Pain, Xbox 360,,
Mass Effect: Pinnacle Station, PlayStation 4,,
Mega Brain Boost, Xbox,,
Michael Phelps: Push the Limit, Xbox One,,
Midway's Greatest Arcade Hits, Xbox 360,,
Mighty No. 9, Wii,,
Monster 4x4: Masters of Metal, Wii,,
Morphies Law, PlayStation 4,,
Murakumo: Renegade Mech Pursuit, PC,,
MX Vs ATV: Supercross, Xbox,,
Otomedius Excellent, PC,,
Out of Ammo, Xbox One,,
Paradise Cracked, Stadia,,
Paranautical Activity, Xbox 360,,
Pearl Harbor: Defend the Fleet, DS,,
Popeye: Rush for Spinach, PlayStation Vita,,
Pro Cycling Manager Season 2008: Le Tour de France, Xbox 360,,
Real War, Xbox 360,,
Red Bull BC One, Wii U,,
Regular Show: Mordecai and Rigby in 8-Bit Land, Xbox,,
Resident Evil: Operation Raccoon City, PSP,,
Rock of the Dead, PC,,
SeaBlade, PC,,
Sherlock Holmes and the Mystery of Osborne House, PlayStation 3,,
SNK vs. Capcom Card Fighters DS, PC,,
Sonic Adventure, Wii,,
SpongeBob Squarepants: The Yellow Avenger, PlayStation 2,,
Sprung, PSP,,
Spyro: Enter the Dragonfly, Xbox 360,,
Star Wars The Clone Wars: Republic Heroes, PlayStation 4,,
Stolen (2005), Dreamcast,,
Stormrise, GameCube,,
Strike Force Bowling, PlayStation 4,,
Summer Athletics: The Ultimate Challenge, PlayStation 4,,
Syberia 3, DS,,
Teenage Mutant Ninja Turtles 2: Battle Nexus, DS,,
Terminator Salvation, Switch,,
The Fight: Lights Out, Wii,,
The Muppets: Movie Adventures, PC,,
The Secrets of Atlantis, Wii,,
Those Who Remain, Switch,,
Top Gun, PSP,,
Tortuga - Two Treasures, Xbox,,
Vaccine, DS,,
Valhalla Knights 3, Xbox One,,
Vietcong: Purple Haze, DS,,
World Series Baseball 2K1, PlayStation 2,,
Zathura, Xbox 360,,
50 Cent: Bulletproof, PC,,
Agony, Xbox 360,,
Alone in the Dark, Switch,,
Balan Wonderworld, DS,,
Bee Simulator, Game Boy Advance,,
Bellator: MMA Onslaught, 3DS,,
Blood Drive, PlayStation,,
Call of Juarez: The Cartel, PlayStation 2,,
Catwoman, PlayStation Vita,,
Coast Guard, PlayStation 3,,
Cocoro: Line Defender, Xbox 360,,
Death Jr. and the Science Fair of Doom, PlayStation 4,,
Decay of Logos, PlayStation 2,,
Deep Black: Episode 1, GameCube,,
Devil's Hunt, Xbox One,,
Extinction, Wii,,
Flip's Twisted World, PlayStation 4,,
Frogger: Ancient Shadow, PSP,,
G.I. Joe: The Rise of Cobra, Xbox,,
Hellboy: The Science of Evil, PlayStation 2,,
Herbie: Fully Loaded, 3DS,,
Hexodius, Xbox,,
Hole in the Wall, 3DS,,
HomeTown Story, PC,,
Ice Age, Xbox 360,,
Indianapolis 500 Legends, Wii U,,
Jake Hunter: Detective Chronicles, Wii,,
James Cameron's Dark Angel, PC,,
Legendary, PlayStation 2,,
Looney Tunes: Back in Action, PC,,
Loons - The Fight for Fame, PlayStation 4,,
Mage Knight: Apocalypse, GameCube,,
Mahjong Tales: Ancient Wisdom, DS,,
MLB Front Office Manager, DS,,
Monster 4X4: World Circuit, PlayStation 3,,
Monster Jam: Maximum Destruction, PC,,
MTV Sports: T.J. Lavin's Ultimate BMX, Xbox One,,
My Pokemon Ranch, PC,,
Naughty Bear: Panic in Paradise, PC,,
One Piece: Pirates' Carnival, PC,,
Paranoia: Happiness is Mandatory, Xbox 360,,
PDC World Championship Darts 2008, Game Boy Advance,,
PONG Quest, Xbox 360,,
Prison Break: The Conspiracy, PlayStation 4,,
Rainbow Islands Evolution, PlayStation 2,,
Rebels: Prison Escape, Wii,,
Rush'N Attack Ex-Patriot, Game Boy Advance,,
Saw II: Flesh & Blood, PlayStation 2,,
Scramble, PC,,
Scribblenauts Showdown, Wii,,
SingStar: Ultimate Party, PC,,
Smashing Drive, PC,,
Sonic Boom: Shattered Crystal, Xbox 360,,
Spectral Souls: Resurrection of the Ethereal Empires, Xbox,,
Stronghold 3, PSP,,
Submerged, Xbox 360,,
Supremacy MMA, GameCube,,
Tactical Intervention, PlayStation 2,,
Tempest, PlayStation 4,,
Terminator: Resistance, PlayStation 2,,
Tetris Worlds, Dreamcast,,
The Guy Game, Xbox 360,,
The Punisher: No Mercy, PlayStation Vita,,
The Scorpion King: Rise of the Akkadian, DS,,
The Weakest Link, PlayStation 3,,
Thief of Thieves: Season One, DS,,
Thunderbirds, Wii U,,
Tom Clancy's HAWX 2, Xbox,,
Tony Hawk Ride, PlayStation 2,,
Transformers: Rise of the Dark Spark, DS,,
Transformers: The Game, Xbox One,,
What's Cooking with Jamie Oliver, Xbox 360,,
Wing Island, Xbox 360,,
World Racing 2, Wii,,
X-Men: Destiny, Game Boy Advance,,
.detuned, Xbox 360,,
101-in-1 Explosive Megamix, Xbox 360,,
AereA, Xbox,,
Alien Rage, Game Boy Advance,,
Animal Crossing: amiibo Festival, Xbox 360,,
Arc of Alchemist, PC,,
Arcade Sports, PlayStation 3,,
ARK Park, Game Boy Advance,,
Army Men: Sarge's Heroes 2, PlayStation 3,,
Attack on Titan: Humanity in Chains, PlayStation 2,,
B-17 Gunner: Air War Over Germany, PlayStation 4,,
Backyard Wrestling 2: There Goes the Neighborhood, PC,,
BeachHead 2000, PlayStation 2,,
Catwoman, PlayStation 4,,
Catwoman (2004), 3DS,,
Coffin Dodgers, Xbox,,
Cooking Mama: Cookstar, PC,,
Death Crimson OX, Xbox One,,
Desert Child, Xbox 360,,
Disney's PK: Out of the Shadows, PC,,
Donkey Kong: Barrel Blast, Game Boy Advance,,
Elite Warriors: Vietnam, Wii,,
Fish Tycoon, 3DS,,
Freedom Wings, Xbox 360,,
Gravitronix, DS,,
GTI Club Supermini Festa!, GameCube,,
Happy Feet, PlayStation 3,,
Harvest Moon 3D: The Lost Valley, DS,,
Inmates, PlayStation 2,,
Inuyasha: Secret of the Divine Jewel, PSP,,
Kakuto Chojin, PlayStation 3,,
Le Tour de France, PlayStation 2,,
League of War: VR Arena, Xbox,,
Lowrider, Wii,,
Major Minor's Majestic March, PlayStation,,
Make War, Xbox One,,
My Street, PlayStation 3,,
Nightcaster II: Equinox, PlayStation,,
NightCry, Xbox,,
One Piece: Unlimited Cruise SP, PlayStation 4,,
Operation Darkness, PC,,
Pokemon Dash, Xbox 360,,
Primal Carnage: Extinction, DS,,
Pure Futbol, PlayStation 2,,
Raid: World War II, Wii,,
Raid: World War II, Xbox 360,,
Rampage: Total Destruction, Game Boy Advance,,
RayStorm HD, Xbox,,
Red Ninja: End of Honor, Wii,,
R-Type III: The Third Lightning, PlayStation 2,,
Samurai Shodown Sen, PlayStation 3,,
Shadow Assault -Tenchu-, GameCube,,
Sonic the Hedgehog, PlayStation 2,,
Soulblight, PlayStation 2,,
Spectral Force Genesis, PC,,
Squad Leader, PlayStation 3,,
Starpoint Gemini, Wii,,
Summer Sports: Paradise Island, PC,,
Surfing H3O, Switch,,
The History Channel: Great Battles of Rome, Xbox 360,,
The Incredible Hulk, PlayStation 4,,
Tokyo Xtreme Racer DRIFT 2, Wii,,
Tony Hawk Ride, PC,,
Woody Woodpecker Racing, PlayStation 4,,
World Series of Poker, PlayStation 3,,
WWII Tank Commander, PlayStation 2,,
Zenith (2016), DS,,
Zoids Assault, PlayStation 2,,
007 Legends, PlayStation 2,,
7 Days to Die, Xbox,,
Aliens: Colonial Marines, Wii,,
Arctic Thunder, Xbox Series X,,
Battlestar Galactica, PlayStation 3,,
Brothers in Arms: Double Time, Xbox 360,,
Bubsy: The Woolies Strike Back, Switch,,
Call of Juarez: The Cartel, Nintendo 64,,
Catwoman, PlayStation 4,,
Crash: Mind Over Mutant, PC,,
Crime Stories: From the Files of Martin Mystere, Xbox 360,,
CSI: Crime Scene Investigation, DS,,
D1 Professional Drift Grand Prix Series, Xbox 360,,
Dead Horde, Xbox 360,,
Deus Ex: The Fall, Xbox 360,,
Dungeon Lords, Switch,,
Fantastic Four: Rise of the Silver Surfer, PlayStation 4,,
Fighting Fantasy: The Warlock of Firetop Mountain, GameCube,,
Generation Zero, 3DS,,
Ghostbusters: Sanctum of Slime, Xbox One,,
Golden Axe: Beast Rider, PC,,
Grooverider Slot Car Thunder, Xbox 360,,
Hard Rock Casino, Dreamcast,,
Hard Truck: Apocalypse, PlayStation 2,,
Heaven & Hell (2003), Wii,,
Hyperdimension Neptunia, PC,,
Hysteria Hospital: Emergency Ward, Xbox 360,,
Impire, Xbox 360,,
Infinity Runner, PlayStation 3,,
Interpol: The Trail of Dr. Chaos, 3DS,,
LA Cops, Wii,,
Maize, DS,,
Mobile Suit Gundam Seed: Never Ending Tomorrow, DS,,
Mr. Driller Online, Wii,,
Mushroom Men: Rise of the Fungi, Wii,,
N3II: Ninety-Nine Nights, PlayStation 4,,
Napoleon Dynamite: The Game, PC,,
Narcos: Rise of the Cartels, Xbox 360,,
NCAA Final Four 2004, PSP,,
NFL Tour, PC,,
PDC World Championship Darts 2009, Xbox One,,
Project Root, Wii,,
Racquet Sports, Xbox,,
Red Bull X-Fighters, PC,,
Reservoir Dogs: Bloody Days, Switch,,
Rock of the Dead, PlayStation 2,,
Rodea the Sky Soldier, PlayStation 4,,
Rodea the Sky Soldier, Xbox 360,,
Saw II: Flesh & Blood, Switch,,
Shadow the Hedgehog, PC,,
Smart Bomb, PlayStation 2,,
Sniper: Ghost Warrior, PlayStation 4,,
Soldier of Fortune: Payback, Xbox One,,
Spartacus Legends, 3DS,,
Stop Stress: A Day of Fury, PC,,
Stronghold: Crusader Extreme, PlayStation 2,,
Supercar Street Challenge, Xbox,,
Swashbucklers: Blue vs. Grey, Xbox,,
Tank! Tank! Tank!, PC,,
Tennis World Tour, PSP,,
The Huntsman: Winter's Curse, Wii,,
Top Gear RPM Tuning, Xbox 360,,
Tournament of Legends, Xbox,,
Ugly Americans: Apocalypsegeddon, DS,,
Unlimited Saga, PC,,
Wacky World of Sports, Xbox 360,,
War World, Xbox,,
Without Warning, GameCube,,
Without Warning, PlayStation 4,,
WWE 2K20, DS,,
AeternoBlade II, Wii U,,
Army Men: Sarge's War, PlayStation 3,,
Balan Wonderworld, Xbox 360,,
Beowulf: The Game, PlayStation 4,,
Big Beach Sports, Xbox,,
Big Mutha Truckers 2, Wii,,
Black Stone: Magic & Steel, PC,,
Buffy the Vampire Slayer: Wrath of the Darkhul King, 3DS,,
C.O.R.E., PlayStation 4,,
Chronovolt, PC,,
Combat of Giants: Dinosaurs 3D, Xbox 360,,
Cops 2170: The Power of Law, PlayStation 4,,
Cortex Command, PlayStation 3,,
Crash Time: Autobahn Pursuit, PlayStation 3,,
Dinotopia: The Sunstone Odyssey, DS,,
Discs of Tron, PlayStation 2,,
Empire of Magic, Xbox 360,,
Evolution Skateboarding, PlayStation 4,,
FunTown Mahjong, PC,,
Godzilla: Unleashed, DS,,
Golden Axe: Beast Rider, PlayStation 2,,
Gothic 3: Forsaken Gods, PlayStation 2,,
Hard Rock Casino, Xbox 360,,
Harmonix Music VR, PC,,
"Harry Potter and the Deathly Hallows, Part 2", Xbox,,
Hummer Badlands, Wii U,,
Husk, PlayStation 3,,
Infinity Runner, DS,,
Johnny Kung Fu, PlayStation 4,,
Jonny Moseley Mad Trix, Wii,,
Jurassic Park III: The DNA Factor, Xbox One,,
Last Rebellion, PC,,
Metal Dungeon, PSP,,
Mike Tyson Boxing, DS,,
Mike Tyson Boxing, Xbox 360,,
MilitAnt, PlayStation 3,,
Mindjack, PC,,
MotoGP 08, PlayStation 2,,
Naughty Bear: Panic in Paradise, Xbox,,
NFL QB Club 2001, Xbox 360,,
NPPL Championship Paintball 2009, DS,,
Oddworld: Munch's Oddysee, Xbox 360,,
Of Bird and Cage, Wii,,
Pirates vs Ninjas Dodgeball, PlayStation 4,,
Ridge Racer, PC,,
Salt Lake 2002, Xbox,,
Splat Renegade Paintball, PlayStation 2,,
State of Emergency 2, PC,,
Submersed, PC,,
SunAge, Xbox 360,,
Superman: The Man of Steel, PC,,
Swashbucklers: Blue vs. Grey, Wii,,
Sword of the Stars II: Lords of Winter, PlayStation 2,,
Taxi Chaos, Xbox 360,,
Teenage Mutant Ninja Turtles: Mutants in Manhattan, 3DS,,
Tetris Worlds, Xbox 360,,
The Good Life, PlayStation 2,,
The Sacred Rings, DS,,
The Scourge Project: Episodes 1 and 2, Switch,,
The Uncertain: Light at the End, Wii,,
TMNT: Mutant Melee, Xbox One,,
Tornado, PC,,
TotemBall, PC,,
Vaccine, Wii,,
Waking, PlayStation 2,,
Warriors Orochi 2, PlayStation 3,,
Warriors: Legends of Troy, PlayStation 4,,
Watchmen: The End Is Nigh Part 2, Wii,,
Watchmen: The End Is Nigh Part 2, Switch,,
Yu-Gi-Oh! The Falsebound Kingdom, Xbox One,,
Zoo Tycoon DS, Xbox 360,,
1950s Lawn Mower Kids, Switch,,
Aliens: Colonial Marines, 3DS,,
America's Army: True Soldiers, Wii,,
Asphalt 3D, PC,,
Backyard Wrestling 2: There Goes the Neighborhood, Xbox 360,,
Ben 10: Omniverse, PC,,
Bliss Island, PlayStation 2,,
Bombshell (2016), Xbox,,
Cruis'n Exotica, PlayStation 4,,
Danger Girl, Wii U,,
Dead Alliance, Xbox,,
Dead or Alive Xtreme 3: Fortune, Dreamcast,,
Deadfall Adventures, Switch,,
Devil's Third, Xbox,,
Digimon World Data Squad, PlayStation 4,,
Dynasty Warriors 6, Game Boy Advance,,
ECW Anarchy Rulz, Xbox,,
Enemy Front, Game Boy Advance,,
Enki, PlayStation 3,,
Everreach: Project Eden, Xbox 360,,
Farscape: The Game, Xbox 360,,
Fast Draw Showdown, PSP,,
FIFA 20: Legacy Edition, Xbox,,
Final Fight: Streetwise, Wii,,
Flushed Away, Xbox 360,,
Funk of Titans, DS,,
Furu Furu Park, PC,,
G.I. Joe: The Rise of Cobra, PlayStation 4,,
Gardening Mama 2: Forest Friends, Wii,,
Hatred, PlayStation Vita,,
Hot Wheels: Beat That!, PC,,
Jeremy McGrath Supercross 2000, PlayStation 4,,
Jeremy McGrath Supercross 2000, PlayStation 4,,
John Deere: Harvest in the Heartland, Xbox,,
Justice League Heroes, Xbox 360,,
Justice League: Chronicles, PlayStation,,
Mindjack, PlayStation Vita,,
MLB Slugfest 20-04, Xbox 360,,
Myst, PlayStation 2,,
NBA Live 14, GameCube,,
New Gundam Breaker, PlayStation 2,,
New Rally-X, PlayStation 2,,
Pac-Man Party 3D, PSP,,
Painkiller: Redemption, PlayStation 3,,
PlayStation Move Ape Escape, Switch,,
Power Rangers Super Megaforce, PlayStation 4,,
Quantum Theory, Xbox,,
Rengoku: The Tower of Purgatory, Wii,,
Rise of the Guardians, PC,,
RollerCoaster Tycoon World, Game Boy Advance,,
Six Flags Fun Park, PC,,
Soldner: Secret Wars, GameCube,,
Sonic the Hedgehog, PC,,
Spuds Unearthed, PlayStation 3,,
Super Dungeon Bros, Xbox 360,,
Terminator Salvation, PlayStation 2,,
The Legend of Alon D'ar, PC,,
TMNT: Mutant Melee, PlayStation 2,,
Tron, 3DS,,
Turning Point: Fall of Liberty, DS,,
Will of Steel, DS,,
Word Puzzle, PlayStation 3,,
WWE 2K20, Xbox,,
Zathura, Switch,,
Arcania: The Complete Tale, PC,,
ATV: Quad Power Racing, PlayStation 3,,
Block Factory, Game Boy Advance,,
Brave: A Warrior's Tale, PlayStation 2,,
Clash of the Titans, Xbox 360,,
Contra: Rogue Corps, PlayStation,,
Coraline, Wii U,,
Dino Island, DS,,
Family Party: 30 Great Games, 3DS,,
Fear Effect Sedna, Xbox,,
Final Fight: Streetwise, Xbox 360,,
G.I. Joe: The Rise of Cobra, Game Boy Advance,,
Game Tycoon, Xbox One,,
Ghostbusters: Sanctum of Slime, Xbox,,
Gleamlight, Wii,,
Go! Sports Skydiving, PlayStation 2,,
Hellboy: The Science of Evil, 3DS,,
KURSK, Xbox 360,,
MC Groovz Dance Craze, PlayStation 3,,
Mission: Impossible: Operation Surma, PlayStation 4,,
Nickelodeon Kart Racers, Xbox 360,,
One Piece: Romance Dawn, PC,,
Prison Break: The Conspiracy, PlayStation 4,,
Rock Revolution, PC,,
Smashing Drive, PSP,,
Spider-Man 2: The Game, PlayStation 3,,
SPRay, PlayStation 3,,
Star Trek The Video Game, PlayStation 2,,
Star Trek: Shattered Universe, PlayStation 3,,
Steel Horizon, PlayStation 4,,
Stranger, Switch,,
Tennis World Tour, PlayStation 2,,
The Elder Scrolls: Blades, PlayStation 3,,
The Sopranos: Road to Respect, PlayStation 4,,
Time and Eternity, PC,,
Touhou Kobuto V: Burst Battle, PC,,
Werewolf: The Apocalypse - Earthblood, DS,,
7554, DS,,
007 Legends, Wii,,
101-in-1 Sports Party Megamix, Xbox 360,,
25 to Life, PlayStation 4,,
Alien Blast: The Encounter, Xbox 360,,
American Idol, Xbox 360,,
Arcania: Fall of Setarrif, Nintendo 64,,
Brigade E5: New Jagged Union, Wii,,
Clash of the Titans, PlayStation 4,,
Cyberball 2072, DS,,
Damnation, Xbox One,,
Deca Sports 3, Game Boy Advance,,
Dollhouse, PlayStation 2,,
Duke Nukem: Manhattan Project, PSP,,
Emergency Heroes, PC,,
GT Pro Series, 3DS,,
Gungrave VR, Xbox 360,,
"Harry Potter and the Deathly Hallows, Part 1", Xbox,,
Iron Man 2, PlayStation 4,,
Iron Man 2, PC,,
JASF: Jane's Advanced Strike Fighters, PlayStation,,
Legacy: Dark Shadows, Xbox 360,,
Lets Fish! Hooked On, 3DS,,
Mall Tycoon, PlayStation 3,,
Mana Khemia: Student Alliance, Xbox,,
Nickelodeon Kart Racers, Xbox 360,,
One Way Trip, PlayStation 3,,
Planet of the Apes, PlayStation 3,,
Rally Challenge 2000, Xbox 360,,
Rapala Tournament Fishing!, Xbox One,,
Robot Arena, PlayStation 3,,
Rugby 18, PlayStation,,
Star Trek: Shattered Universe, Dreamcast,,
Street Power Soccer, Game Boy Advance,,
Street Supremacy, PlayStation 2,,
Taito Legends Power-Up, PlayStation 4,,
Things on Wheels, DS,,
Timeline, Wii U,,
Transformers: Cybertron Adventures, PlayStation 4,,
Turtle Tale, PlayStation 4,,
Wacky Races: Crash & Dash, PC,,
Way of the Dogg, 3DS,,
Wayward Manor, PlayStation 3,,
WWII Aces, PlayStation 3,,
Ace Banana, PlayStation 3,,
Adventure Time: Explore the Dungeon Because I DON'T KNOW!, Switch,,
Alekhine's Gun, Xbox 360,,
Around the World in 80 Days, PC,,
Brain Boost: Gamma Wave, PC,,
Chronus Arc, PC,,
Delta Force: Xtreme 2, PlayStation 3,,
Dragon Ball Z: Taiketsu, Xbox,,
DRIV3R, Switch,,
Ducati World Racing Challenge, 3DS,,
Emergency Mayhem, PlayStation 4,,
Eureka Seven Vol. 2: The New Vision, Xbox 360,,
Family Guy: Back to the Multiverse, DS,,
Farming Simulator, PlayStation 4,,
Freedom: First Resistance, Switch,,
Freestyle Street Soccer, PlayStation 3,,
Inner Chains, Xbox One,,
Looney Tunes: Acme Arsenal, PSP,,
Made Man: Confessions of the Family Blood, Xbox 360,,
MotionSports, Xbox One,,
MTV Sports: Skateboarding featuring Andy Macdonald, PlayStation 3,,
Naval Assault: The Killing Tide, PlayStation 2,,
Painkiller: Hell & Damnation, Wii,,
Real Steel, PC,,
Scourge: Outbreak, PlayStation 2,,
Screwjumper!, GameCube,,
Soldier Elite, PlayStation 2,,
Space Raiders, Xbox 360,,
Tamarin, PlayStation,,
Tank Beat, PlayStation 4,,
The Chaos Engine (2013), Xbox,,
The Warriors: Street Brawl, DS,,
Underground Pool, Xbox 360,,
Xiaolin Showdown, Wii,,
Zatch Bell! Mamodo Fury, PlayStation 4,,
25 to Life, PSP,,
25 to Life, Xbox 360,,
Air Raid: This Is Not a Drill!, Wii,,
Alone in the Dark, Xbox,,
Anacapri: The Dream, PlayStation Vita,,
Army Men: Green Rogue, Xbox,,
Brain Boost: Beta Wave, Wii,,
Cartoon Network Racing, PlayStation 4,,
Charlie and the Chocolate Factory, PlayStation 4,,
Coffee Tycoon, Wii,,
Deep Black: Reloaded, Wii,,
Doctor Who: The Eternity Clock, DS,,
Drive Girls, Xbox 360,,
Family Guy: Back to the Multiverse, Wii,,
Hello Neighbor, Wii,,
Inkheart, PlayStation 3,,
Ju-on: The Grudge, PlayStation 4,,
"Monsters, Inc. Scream Arena", PC,,
Montague's Mount, Wii,,
Onechanbara: Bikini Samurai Squad, PC,,
Pacific Rim, PlayStation 4,,
Pocket Racers, PC,,
R.I.P.D. The Game, PSP,,
Remothered: Broken Porcelain, Xbox 360,,
Resident Evil: Survivor, PC,,
RollerCoaster Tycoon 3D, Nintendo 64,,
Senran Kagura Reflexions, PC,,
Star Wars: Flight of the Falcon, Switch,,
The Deer God, PlayStation 2,,
The Mummy: Tomb of the Dragon Emperor, PSP,,
The Polar Express, PC,,
Tony Hawk's Motion, 3DS,,
Tony Hawk's Pro Skater 5, Xbox 360,,
Turn It Around, PlayStation 3,,
Ultimate Beach Soccer, Xbox 360,,
Universal Studios Theme Parks Adventure, PlayStation 3,,
Wacky Races: Crash & Dash, PlayStation 4,,
XIII (Remake), Wii,,
Attack of the Movies 3D, DS,,
Battleship, PC,,
Burnout Legends, Wii,,
Dead or Alive Paradise, PC,,
Motocross Mania 3, PC,,
Painkiller: Resurrection, GameCube,,
Putty Squad, Xbox 360,,
Combat Medic: Special Operations, PC,,
Megamind: Ultimate Showdown, Xbox 360,,
Power Rangers Megaforce, 3DS,,
